<?xml version="1.0" encoding="UTF-8"?>
<project-private xmlns="http://www.netbeans.org/ns/project-private/1">
    <editor-bookmarks xmlns="http://www.netbeans.org/ns/editor-bookmarks/2" lastBookmarkId="0"/>
    <open-files xmlns="http://www.netbeans.org/ns/projectui-open-files/2">
        <group>
            <file>file:/C:/Users/Satyaprakah/Documents/NetBeansProjects/Hospital%20Management%20System/src/PatientInfo.java</file>
            <file>file:/C:/Users/Satyaprakah/Documents/NetBeansProjects/Hospital%20Management%20System/src/SQLException.java</file>
            <file>file:/C:/Users/Satyaprakah/Documents/NetBeansProjects/Hospital%20Management%20System/src/Time.java</file>
            <file>file:/C:/Users/Satyaprakah/Documents/NetBeansProjects/Hospital%20Management%20System/src/t.java</file>
            <file>file:/C:/Users/Satyaprakah/Documents/NetBeansProjects/Hospital%20Management%20System/src/Viewappointment.java</file>
            <file>file:/C:/Users/Satyaprakah/Documents/NetBeansProjects/Hospital%20Management%20System/src/document_1.java</file>
            <file>file:/C:/Users/Satyaprakah/Documents/NetBeansProjects/Hospital%20Management%20System/src/numberField.java</file>
            <file>file:/C:/Users/Satyaprakah/Documents/NetBeansProjects/Hospital%20Management%20System/src/DriverManager.java</file>
            <file>file:/C:/Users/Satyaprakah/Documents/NetBeansProjects/Hospital%20Management%20System/src/addressField.java</file>
            <file>file:/C:/Users/Satyaprakah/Documents/NetBeansProjects/Hospital%20Management%20System/src/Updateemployee.java</file>
            <file>file:/C:/Users/Satyaprakah/Documents/NetBeansProjects/Hospital%20Management%20System/src/appointment.java</file>
            <file>file:/C:/Users/Satyaprakah/Documents/NetBeansProjects/Hospital%20Management%20System/src/Admin_Dashboard.java</file>
            <file>file:/C:/Users/Satyaprakah/Documents/NetBeansProjects/Hospital%20Management%20System/src/DocumentException.java</file>
            <file>file:/C:/Users/Satyaprakah/Documents/NetBeansProjects/Hospital%20Management%20System/src/discountCell.java</file>
            <file>file:/C:/Users/Satyaprakah/Documents/NetBeansProjects/Hospital%20Management%20System/src/doc.java</file>
            <file>file:/C:/Users/Satyaprakah/Documents/NetBeansProjects/Hospital%20Management%20System/src/hospital/management/system/HospitalManagementSystem.java</file>
            <file>file:/C:/Users/Satyaprakah/Documents/NetBeansProjects/Hospital%20Management%20System/src/nameField.java</file>
            <file>file:/C:/Users/Satyaprakah/Documents/NetBeansProjects/Hospital%20Management%20System/src/Viewemployee.java</file>
            <file>file:/C:/Users/Satyaprakah/Documents/NetBeansProjects/Hospital%20Management%20System/src/addemployee.java</file>
            <file>file:/C:/Users/Satyaprakah/Documents/NetBeansProjects/Hospital%20Management%20System/src/dashboard.java</file>
            <file>file:/C:/Users/Satyaprakah/Documents/NetBeansProjects/Hospital%20Management%20System/src/Viewpatient.java</file>
            <file>file:/C:/Users/Satyaprakah/Documents/NetBeansProjects/Hospital%20Management%20System/src/Updatepatient.java</file>
            <file>file:/C:/Users/Satyaprakah/Documents/NetBeansProjects/Hospital%20Management%20System/src/bill.java</file>
            <file>file:/C:/Users/Satyaprakah/Documents/NetBeansProjects/Hospital%20Management%20System/src/ResultSet.java</file>
            <file>file:/C:/Users/Satyaprakah/Documents/NetBeansProjects/Hospital%20Management%20System/src/diseaseField.java</file>
            <file>file:/C:/Users/Satyaprakah/Documents/NetBeansProjects/Hospital%20Management%20System/src/con.java</file>
            <file>file:/C:/Users/Satyaprakah/Documents/NetBeansProjects/Hospital%20Management%20System/src/adddepartment.java</file>
            <file>file:/C:/Users/Satyaprakah/Documents/NetBeansProjects/Hospital%20Management%20System/src/discount.java</file>
            <file>file:/C:/Users/Satyaprakah/Documents/NetBeansProjects/Hospital%20Management%20System/src/addpatient.java</file>
            <file>file:/C:/Users/Satyaprakah/Documents/NetBeansProjects/Hospital%20Management%20System/src/ageField.java</file>
            <file>file:/C:/Users/Satyaprakah/Documents/NetBeansProjects/Hospital%20Management%20System/src/OPD.java</file>
            <file>file:/C:/Users/Satyaprakah/Documents/NetBeansProjects/Hospital%20Management%20System/src/Viewdepartment.java</file>
            <file>file:/C:/Users/Satyaprakah/Documents/NetBeansProjects/Hospital%20Management%20System/src/writer.java</file>
            <file>file:/C:/Users/Satyaprakah/Documents/NetBeansProjects/Hospital%20Management%20System/src/dd.java</file>
            <file>file:/C:/Users/Satyaprakah/Documents/NetBeansProjects/Hospital%20Management%20System/src/timeFormat.java</file>
            <file>file:/C:/Users/Satyaprakah/Documents/NetBeansProjects/Hospital%20Management%20System/src/PreparedStatement.java</file>
            <file>file:/C:/Users/Satyaprakah/Documents/NetBeansProjects/Hospital%20Management%20System/src/PdfWriter.java</file>
            <file>file:/C:/Users/Satyaprakah/Documents/NetBeansProjects/Hospital%20Management%20System/src/genderComboBox.java</file>
            <file>file:/C:/Users/Satyaprakah/Documents/NetBeansProjects/Hospital%20Management%20System/src/login.java</file>
            <file>file:/C:/Users/Satyaprakah/Documents/NetBeansProjects/Hospital%20Management%20System/src/adddoctor.java</file>
        </group>
    </open-files>
</project-private>
